"case_id","source_type","category","source_name","source_url","accessed_at","original_text","surrounding_context","collection_notes","duplicate_group","expected_class","expected_risk_range","label_confidence","label_reason"
"RW001","public_ad","finance","충청북도 소비생활정보망","https://www.chungbuk.go.kr/sobi/selectBbsNttView.do?bbsNo=218&key=1575&nttNo=321332&pageIndex=15&searchCnd=all&searchCtgry=&searchKrwd=","2026-07-18","무조건 100% 수익 보장","유튜브 유료 투자정보 사업자의 실제 표시·광고 사례.","실제 공개 본문 확인(L158-161).","finance_guarantee","risky","80-100","high","투자 수익을 무조건·100%로 보장하는 절대적 이익보장 표현이다."
"RW002","public_ad","finance","충청북도 소비생활정보망","https://www.chungbuk.go.kr/sobi/selectBbsNttView.do?bbsNo=218&key=1575&nttNo=321332&pageIndex=15&searchCnd=all&searchCtgry=&searchKrwd=","2026-07-18","수익만 드리는 투자자문사","같은 조사에서 확인된 이익보장성 광고 문구.","실제 공개 본문 확인(L159).","finance_guarantee","risky","50-79","high","손실 가능성을 배제하고 수익만 제공한다고 오인시킨다."
"RW003","public_ad","finance","한국소비자원","https://www.kca.go.kr/home/sub.do?menukey=4002&mode=view&no=1001630421&page=62&searchKeyword=%EC%86%8C%EB%B9%84%EC%9E%90","2026-07-18","투자 손실 시 전액 환불","유사투자자문 서비스 광고의 소비자 유인 문구.","실제 공개 본문 확인(L237).","refund_guarantee","risky","50-79","high","투자손실과 환불을 결합해 손실 위험이 제거된 인상을 준다."
"RW004","public_ad","finance","한국소비자원","https://www.kca.go.kr/home/sub.do?menukey=4002&mode=view&no=1001630421&page=62&searchKeyword=%EC%86%8C%EB%B9%84%EC%9E%90","2026-07-18","특별 할인 이벤트 실시","유사투자자문 회원 모집 광고에 사용된 문구.","실제 공개 본문 확인(L237).","discount_pressure","safe","0-19","high","일반 할인 이벤트 안내만으로는 투자 위험이나 기만성을 판단할 수 없다."
"RW005","public_ad","finance","한국소비자원","https://www.kca.go.kr/home/sub.do?menukey=4004&mode=view&no=1002931362","2026-07-18","타사 환불 대행","주식투자정보서비스 광고에서 소비자 유인에 사용된 문구.","실제 공개 이미지 대체텍스트 확인(L216).","refund_service","ambiguous","undecided","medium","서비스 설명일 수 있지만 환불 성공을 암시하는지 문맥 검토가 필요하다."
"RW006","public_ad","finance","한국소비자원","https://www.kca.go.kr/home/sub.do?menukey=4004&mode=view&no=1002931362","2026-07-18","고수익 보장","주식투자정보서비스 광고 경고 제목에 인용된 실제 문구.","실제 공개 페이지 확인(L208-216).","finance_guarantee","risky","50-79","high","고수익을 보장하는 표현은 투자 위험을 은폐한다."
"RW007","public_ad","finance","괴산군","https://www.goesan.go.kr/DATA/bbs/326/E4073CB1-3216-ADF6-860E-64364C1E3753.pdf","2026-07-18","원금 100% 보장, 고수익 귀뚜라미 사업","귀농귀촌 사기피해 사례의 광고지 문구.","실제 공개 PDF 확인(P1 L86-92).","finance_guarantee","risky","80-100","high","원금 전액과 고수익을 동시에 보장하는 명백한 고위험 투자 표현이다."
"RW008","public_ad","finance","괴산군","https://www.goesan.go.kr/DATA/bbs/326/E4073CB1-3216-ADF6-860E-64364C1E3753.pdf","2026-07-18","3개월이면 원금을 회수할 수 있다","곤충산업 투자 설명회에서 사용된 회수기간 주장.","실제 공개 PDF 확인(P1 L90-92).","finance_time_claim","risky","50-79","high","짧은 기간 내 원금 회수를 단정해 투자 결과를 과도하게 확정한다."
"RW009","public_ad","finance","괴산군","https://www.goesan.go.kr/DATA/bbs/326/E4073CB1-3216-ADF6-860E-64364C1E3753.pdf","2026-07-18","연간 200%가 넘는 수익을 올릴 수 있다","같은 투자 사업 설명회의 수익률 주장.","실제 공개 PDF 확인(P1 L90-92).","finance_return_claim","risky","80-100","high","비정상적으로 높은 수익률을 구체적 수치로 약속한다."
"RW010","public_ad","finance","괴산군","https://www.goesan.go.kr/DATA/bbs/326/E4073CB1-3216-ADF6-860E-64364C1E3753.pdf","2026-07-18","전문가의 밀착지원, 안정적 수익을 보장","영농조합법인의 투자자 모집 홍보 문구.","실제 공개 PDF 확인(P1 L71-75).","finance_guarantee","risky","50-79","high","전문가 권위와 안정적 수익보장을 결합한다."
"RW011","public_ad","finance","한국소비자원","https://www.kca.go.kr/home/sub.do?menukey=4002&mode=view&no=1000060282","2026-07-18","월 200만원 이상 보장","생활정보지 판매영업직 구인광고 표현.","실제 공개 본문 확인(L622-627).","income_guarantee","ambiguous","20-79","medium","근로·부업·실적급 맥락이 없어 월 200만원 보장이 정상 급여인지 소득 광고인지 원문만으로 확정할 수 없다."
"RW012","public_ad","finance","한국소비자원","https://www.kca.go.kr/home/sub.do?menukey=4002&mode=view&no=1000060282","2026-07-18","500만원 이상 소득 보장","조사된 허위·과장 구인광고의 고액 소득 표현.","실제 공개 본문 확인(L625-627).","income_guarantee","risky","50-79","high","고액 소득을 보장해 구직자를 유인한다."
"RW013","public_ad","health_beauty","한국소비자원","https://www.kca.go.kr/home/sub.do?menukey=4002&mode=view&no=1000247219&page=129&searchKeyword=%EC%86%8C%EB%B9%84%EC%9E%90","2026-07-18","종양 등도 배출됩니다","다이어트 식품 광고의 의학적 효능 표방 사례.","실제 공개 본문 확인(L218-220).","medical_effect","risky","50-79","high","식품이 종양을 배출한다고 주장해 의학적 치료효과로 오인시킨다."
"RW014","public_ad","health_beauty","한국소비자원","https://www.kca.go.kr/home/sub.do?menukey=4002&mode=view&no=1000247219&page=129&searchKeyword=%EC%86%8C%EB%B9%84%EC%9E%90","2026-07-18","1주일이면 살이 쏙 빠집니다","다이어트 제품의 단기간 감량 광고.","실제 공개 본문 확인(L220).","rapid_result","risky","50-79","high","감량 결과와 기간을 단정한다."
"RW015","public_ad","health_beauty","한국소비자원","https://www.kca.go.kr/home/sub.do?menukey=4002&mode=view&no=1000247219&page=129&searchKeyword=%EC%86%8C%EB%B9%84%EC%9E%90","2026-07-18","월 7∼8kg은 가뿐히!","다이어트 제품의 정량 감량 광고.","실제 공개 본문 확인(L220).","rapid_result","risky","50-79","high","개인차 없이 월 감량량을 확정적으로 제시한다."
"RW016","public_ad","health_beauty","한국소비자원","https://www.kca.go.kr/home/sub.do?menukey=4002&mode=view&no=1000247219&page=129&searchKeyword=%EC%86%8C%EB%B9%84%EC%9E%90","2026-07-18","100% 확실한 성공다이어트","다이어트 제품의 절대적 성공 주장.","실제 공개 본문 확인(L220).","medical_absolute","risky","80-100","high","100%와 확실한 성공을 결합한 절대적 효과보장이다."
"RW017","public_ad","health_beauty","한국소비자원","https://www.kca.go.kr/home/sub.do?menukey=4002&mode=view&no=1000247219&page=129&searchKeyword=%EC%86%8C%EB%B9%84%EC%9E%90","2026-07-18","미스코리아 몸매 만드는 데 딱 한달!","다이어트 제품의 모델 체형·기간 주장.","실제 공개 본문 확인(L220).","rapid_result","risky","50-79","high","특정 체형 결과를 한 달로 단정한다."
"RW018","public_ad","health_beauty","한국소비자원","https://www.kca.go.kr/home/sub.do?menukey=4002&mode=view&no=1000247219&page=129&searchKeyword=%EC%86%8C%EB%B9%84%EC%9E%90","2026-07-18","부작용이 전혀 없습니다","다이어트 제품 광고와 실제 부작용 상담의 대조 사례.","실제 공개 본문 확인(L230).","medical_absolute","risky","80-100","high","부작용 가능성을 전면 부정하는 안전성 보장이다."
"RW019","public_ad","health_beauty","한국소비자원","https://www.kca.go.kr/home/sub.do?menukey=4002&mode=view&no=1000247219&page=129&searchKeyword=%EC%86%8C%EB%B9%84%EC%9E%90","2026-07-18","굶을 필요가 없습니다","다이어트 프로그램 광고에 자주 쓰인 표현.","실제 공개 본문 확인(L230).","diet_convenience","ambiguous","undecided","medium","식사 제한이 불필요하다는 의미가 제품·프로그램 조건에 따라 달라진다."
"RW020","public_ad","health_beauty","한국소비자원","https://www.kca.go.kr/home/sub.do?menukey=4002&mode=view&no=1000247219&page=129&searchKeyword=%EC%86%8C%EB%B9%84%EC%9E%90","2026-07-18","책임감량제","다이어트 광고의 결과 책임 암시 표현.","실제 공개 본문 확인(L230).","weight_guarantee","ambiguous","20-79","medium","‘책임감량제’라는 명칭만으로 보장 범위와 실제 효능 주장을 확정할 수 없어 추가 문맥이 필요하다."
"RW021","public_ad","health_beauty","충청북도 소비생활정보망","https://www.chungbuk.go.kr/sobi/selectBbsNttView.do?bbsNo=218&key=1575&nttNo=289571&pageIndex=73&searchCnd=all&searchCtgry=&searchKrwd=","2026-07-18","모공 수 개선","화장품 거짓·과대 광고 예시.","실제 공개 본문 확인(L160).","cosmetic_effect","ambiguous","20-79","medium","모공 수 개선은 측정 기준과 제품 범위에 대한 입증이 필요한 주장이나 원문만으로 허위 여부는 확정할 수 없다."
"RW022","public_ad","health_beauty","충청북도 소비생활정보망","https://www.chungbuk.go.kr/sobi/selectBbsNttView.do?bbsNo=218&key=1575&nttNo=289571&pageIndex=73&searchCnd=all&searchCtgry=&searchKrwd=","2026-07-18","10대 연령의 눈가로 만들어 줌","화장품의 연령 역전 효능 광고 예시.","실제 공개 본문 확인(L160).","cosmetic_effect","risky","50-79","high","특정 연령대의 신체 상태로 바꾼다고 단정한다."
"RW023","public_ad","health_beauty","대한영양사협회","https://www.dietitian.or.kr/ks_result.do?curPage=835&curpage=762","2026-07-18","뼈건강, 혈당조절, 항암효과에 효능","일반 판매 현장에서 건강기능식품에 사용한 광고 표현.","실제 공개 본문 확인(식약처 적발사례 공개 페이지).","medical_effect","risky","80-100","high","여러 질환·항암 효능을 광범위하게 표방한다."
"RW024","public_ad","health_beauty","대한영양사협회","https://www.dietitian.or.kr/ks_result.do?curPage=835&curpage=762","2026-07-18","변비, 당뇨개선, 숙취개선에 효능","의료기기 체험방의 효능 광고 표현.","실제 공개 본문 확인(식약처 적발사례 공개 페이지).","medical_effect","risky","80-100","high","의료기기에 다수 질환 개선 효과를 단정한다."
"RW025","public_ad","education","사람인스토어","https://www.saramin.co.kr/zf_user/store/product?salePrdCd=PMe8dd333b845b42a2b0","2026-07-18","서류 합격 보장!","취업 학습지 상품 제목.","실제 공개 상품 페이지 제목 확인.","education_guarantee","risky","80-100","high","교육·취업 결과인 서류 합격을 보장한다."
"RW026","public_ad","education","경향신문","https://www.khan.co.kr/article/200610210948361","2026-07-18","조건에 상관없이 100% 진학을 보장한다","뷰티스쿨 상담자의 실제 모집 발언.","실제 공개 기사 본문 확인(L234).","education_guarantee","risky","80-100","high","조건과 무관하게 진학을 100% 보장한다."
"RW027","public_ad","education","경향신문","https://www.khan.co.kr/article/200610210948361","2026-07-18","이미 100% 합격을 해당학과 교수에게 보장받았다","학원 상담자의 부정입학 유인 발언.","실제 공개 기사 본문 확인(L243).","education_guarantee","risky","80-100","high","외부 심사 결과인 합격을 사전에 전면 보장한다."
"RW028","public_ad","education","경향신문","https://www.khan.co.kr/article/200610210948361","2026-07-18","100명 보내면 100명 다 합격시켜 주기로 약속했다","학원 상담자의 합격 약속 설명.","실제 공개 기사 본문 확인(L245).","education_guarantee","risky","80-100","high","모든 지원자의 합격을 약속하는 절대적 결과보장이다."
"RW029","public_ad","education","경향신문","https://www.khan.co.kr/article/200610210948361","2026-07-18","일단 1개월만 다니면서 출석을 잘하시면 원서를 써드릴게요","학원 상담자의 수강 유도 발언.","실제 공개 기사 본문 확인(L247-251).","education_offer","ambiguous","undecided","medium","원서 작성 지원 제안 자체는 가능하나 부정입학 맥락과 결합되어 있다."
"RW030","public_ad","education","Yokobe 블로그","https://yokobe.tistory.com/entry/2026-%EC%B5%9C%EC%8B%A0-%EA%B2%80%EC%A0%95%EA%B3%A0%EC%8B%9C-%EC%B6%9C%EC%8B%A0-%EC%88%98%ED%97%98%EC%83%9D%EC%9D%84-%EC%9C%84%ED%95%9C-%ED%95%99%EC%83%9D%EB%B6%80-%EC%A2%85%ED%95%A9-%EC%A0%84%ED%98%95-%EC%A7%80%EC%9B%90-%EC%A0%84%EB%9E%B5-%ED%95%A9%EA%B2%A9%EB%A5%A0-300-%EC%98%AC%EB%A6%AC%EB%8A%94-%EB%8C%80%EC%B2%B4%EC%84%9C%EC%8B%9D-%EC%9E%91%EC%84%B1%EB%B2%95","2026-07-18","합격률 300% 올리는 대체서식 작성법","입시 전략 글의 홍보성 제목.","실제 공개 페이지 제목 확인.","education_metric","risky","50-79","high","기준이 불명확한 합격률 300% 향상 효과를 내세운다."
"RW031","public_ad","education","Yokobe 블로그","https://yokobe.tistory.com/entry/2026-%EC%B5%9C%EC%8B%A0-%EA%B2%80%EC%A0%95%EA%B3%A0%EC%8B%9C-%EC%B6%9C%EC%8B%A0-%EC%88%98%ED%97%98%EC%83%9D%EC%9D%84-%EC%9C%84%ED%95%9C-%ED%95%99%EC%83%9D%EB%B6%80-%EC%A2%85%ED%95%A9-%EC%A0%84%ED%98%95-%EC%A7%80%EC%9B%90-%EC%A0%84%EB%9E%B5-%ED%95%A9%EA%B2%A9%EB%A5%A0-300-%EC%98%AC%EB%A6%AC%EB%8A%94-%EB%8C%80%EC%B2%B4%EC%84%9C%EC%8B%9D-%EC%9E%91%EC%84%B1%EB%B2%95","2026-07-18","2026년형 100% 합격 해결책","입시 전략 글의 소제목.","실제 공개 본문 확인(L27-28).","education_guarantee","risky","80-100","high","합격을 100% 해결한다고 단정한다."
"RW032","public_ad","education","학원관리프로그램 UGE","https://www.uge.co.kr/academy/9413","2026-07-18","가장 큰 학원","학원 부당광고 안내에서 실제 사용을 경고한 최상급 표현.","실제 공개 본문 확인(L46-50).","education_superlative","ambiguous","20-79","medium","‘가장 큰’은 비교 기준과 조사 범위를 확인해야 하는 최상급 표현이다."
"RW033","public_ad","education","학원관리프로그램 UGE","https://www.uge.co.kr/academy/9413","2026-07-18","최고의 강사","학원 부당광고 안내의 실제 광고 예시.","실제 공개 본문 확인(L46-50).","education_superlative","ambiguous","20-79","medium","‘최고의 강사’는 객관적 비교 기준과 입증 자료가 필요한 표현이다."
"RW034","public_ad","education","학원관리프로그램 UGE","https://www.uge.co.kr/academy/9413","2026-07-18","성적 향상 가능","안내 페이지가 허용 가능하다고 제시한 완화 표현.","실제 공개 본문 확인(L25-27).","education_soft_claim","safe","0-19","high","성과를 보장하지 않고 가능성으로 제한한다."
"RW035","public_ad","legal_admin","다음뉴스·조선일보","https://v.daum.net/v/20260513144503154?f=p","2026-07-18","구속영장 사건은 영장 전담 판사 출신이 직접 진행한다","법무법인의 온라인 광고 문구.","실제 공개 기사 본문 확인(L64).","legal_influence","ambiguous","20-79","medium","판사 경력과 직접 진행 사실만으로 결과 영향력 암시 여부를 단정하기 어려워 주변 광고 문맥이 필요하다."
"RW036","public_ad","legal_admin","다음뉴스·조선일보","https://v.daum.net/v/20260513144503154?f=p","2026-07-18","우리가 제일 잘한다","법무법인 블로그 홍보 문구.","실제 공개 기사 본문 확인(L64).","legal_superlative","ambiguous","20-79","medium","‘제일 잘한다’는 비교 대상과 근거를 확인해야 하는 주관적 최상급 표현이다."
"RW037","public_ad","legal_admin","다음뉴스·조선일보","https://v.daum.net/v/20260513144503154?f=p","2026-07-18","소속 변호사들이 무료 상담을 진행할 수 있다","법무법인 홍보 문구.","실제 공개 기사 본문 확인(L64).","legal_free_offer","safe","0-19","high","소속 변호사의 무료 상담 가능성을 안내할 뿐 결과나 효능을 보장하지 않는다."
"RW038","public_ad","legal_admin","다음뉴스·조선일보","https://v.daum.net/v/20260513144503154?f=p","2026-07-18","기소만 되면 거액의 합의금을 받을 수 있다","담당 변호사가 의뢰인에게 안내한 결과성 주장.","실제 공개 기사 본문 확인(L72-73).","legal_outcome","risky","50-79","high","기소와 거액 합의금을 단정적으로 연결한다."
"RW039","public_ad","legal_admin","크몽","https://kmong.com/article/3170","2026-07-18","국내 최고 승소율","변호사 마케팅에서 금지 예시로 든 광고 문구.","실제 공개 본문 확인(L23-25).","legal_superlative","ambiguous","20-79","medium","‘국내 최고 승소율’은 산정 기간·모수·비교 범위를 확인해야 하는 입증 필요 주장이다."
"RW040","public_ad","legal_admin","크몽","https://kmong.com/article/3170","2026-07-18","유일한 이혼 전문","변호사 마케팅에서 금지 예시로 든 광고 문구.","실제 공개 본문 확인(L23-25).","legal_superlative","ambiguous","20-79","medium","‘유일한’이라는 독점 표현은 객관적 비교 범위와 등록 현황 확인이 필요하다."
"RW041","public_ad","legal_admin","크몽","https://kmong.com/article/3170","2026-07-18","무조건 승소","변호사 마케팅 금지 표현 사례.","실제 공개 본문 확인(L23-25).","legal_guarantee","risky","80-100","high","통제할 수 없는 소송 결과를 무조건 보장한다."
"RW042","public_ad","legal_admin","크몽","https://kmong.com/article/3170","2026-07-18","승소율 99%","객관적 증명 없는 수치화 사례.","실제 공개 본문 확인(L27-29).","legal_metric","ambiguous","20-79","medium","승소율 99%는 산정 기준과 사건 범위를 확인해야 하며 원문만으로 허위 여부를 확정할 수 없다."
"RW043","public_ad","shopping_refund","EBS","https://www.ebs.co.kr/customer/introduce/payment/refund","2026-07-18","결제일로부터 7일이 지나지 않은 경우 전액 환불 가능","구독 환불 조건 안내.","실제 공개 고객센터 본문 확인(L204-205).","refund_policy","safe","0-19","high","전액 환불의 구체적 기간 조건을 함께 밝힌다."
"RW044","public_ad","shopping_refund","EBS","https://www.ebs.co.kr/customer/introduce/payment/refund","2026-07-18","강좌 수강이력이 없고 결제일로부터 7일이 지나지 않은 경우","온라인강의 전액 환불 조건.","실제 공개 고객센터 본문 확인(L205-206).","refund_policy","safe","0-19","high","환불 적용 조건을 구체적으로 제한한다."
"RW045","public_ad","shopping_refund","EBS","https://www.ebs.co.kr/customer/introduce/payment/refund","2026-07-18","제공된 서비스가 표시, 광고 등과 현저한 차이가 있는 경우","환불·취소 가능 사유.","실제 공개 고객센터 본문 확인(L207).","refund_policy","safe","0-19","high","서비스 불일치라는 객관적 환불 사유를 명시한다."
"RW046","public_ad","shopping_refund","EBS","https://www.ebs.co.kr/customer/introduce/payment/refund","2026-07-18","7일 경과 후에는 수수료를 공제한 부분 환불이 가능합니다","구독 상품 부분 환불 조건.","실제 공개 고객센터 본문 확인(L212-216).","refund_policy","safe","0-19","high","기한 경과와 수수료 공제를 함께 안내한다."
"RW047","public_ad","shopping_refund","EBS","https://www.ebs.co.kr/customer/introduce/payment/refund","2026-07-18","수강기간의 50% 이상 경과한 경우 환불 불가","온라인 강좌 환불 제한 조건.","실제 공개 고객센터 본문 확인(L218-221).","refund_policy","safe","0-19","high","환불 불가 기준을 구체적으로 고지한다."
"RW048","public_ad","shopping_refund","썸트렌드","https://some.co.kr/service/terms","2026-07-18","남은 기간 중 사용 월에 대한 서비스 비용을 원가 계산하여 제외한 후 환불해 드립니다","장기 플랜 해지 시 환불 산정 방식.","실제 공개 약관 확인(L99).","refund_policy","safe","0-19","high","사용분 공제라는 환불 계산 기준을 밝힌다."
"RW049","public_ad","shopping_refund","썸트렌드","https://some.co.kr/service/terms","2026-07-18","기능을 한번도 이용하지 않은 고객이 7일 이내에 구독 취소를 한 경우에는 구독 비용이 전액 환불됩니다","미사용 구독의 전액 환불 조건.","실제 공개 약관 확인(L100).","refund_policy","safe","0-19","high","미사용·7일 이내라는 조건을 명확히 붙인다."
"RW050","public_ad","shopping_refund","썸트렌드","https://some.co.kr/service/terms","2026-07-18","카드 결제 환불은 카드 취소가 원칙입니다","카드 환불 처리 원칙.","실제 공개 약관 확인(L102).","refund_policy","safe","0-19","high","환불 수단을 사실적으로 설명한다."
"RW051","public_ad","shopping_refund","한국소비자원","https://www.kca.go.kr/home/sub.do?menukey=4004&mode=view&no=1001877113","2026-07-18","구매영수증이 없어도 전액환불","이케아 안전문 리콜 환불 안내.","실제 공개 카드뉴스 본문 확인(L208-213).","refund_recall","safe","0-19","high","제품 리콜에 따른 구체적 전액 환불 조치다."
"RW052","public_ad","shopping_refund","한국소비자원","https://www.kca.go.kr/home/sub.do?menukey=4004&mode=view&no=1001877113","2026-07-18","사용을 즉시 중단하고 이케아코리아 매장에서 전액환불","안전 우려 제품의 회수·환불 안내.","실제 공개 카드뉴스 본문 확인(L213).","refund_recall","safe","0-19","high","안전조치 맥락의 환불 안내로 결과보장 광고가 아니다."
"RW053","public_ad","privacy_apps","다음뉴스·뉴스1","https://v.daum.net/v/20260128060127810","2026-07-18","1개월 50만 원에 GPS 위치, 메시지 및 통화 내용을 실시간 감청·저장·녹음할 수 있는 앱","악성 감시 앱의 판매 제안.","실제 공개 기사 본문 확인(L94-99).","covert_tracking","risky","80-100","high","타인의 위치·통신을 실시간 감청하는 침해 기능을 판매한다."
"RW054","public_ad","privacy_apps","다음뉴스·뉴스1","https://v.daum.net/v/20260128060127810","2026-07-18","설치 아이콘을 숨겨 피감시자가 앱이 작동 중이라는 것을 알기 어렵다","감시 앱의 은폐 기능 설명.","실제 공개 기사 본문 확인(L101-102).","covert_tracking","risky","80-100","high","피감시자의 인지를 피하도록 설계된 은폐·비동의 기능이다."
"RW055","public_ad","privacy_apps","다음뉴스·뉴스1","https://v.daum.net/v/20260128060127810","2026-07-18","실시간 데이터를 열람하거나 저장된 데이터를 내려받아 확인","감시 앱 구매자가 이용할 수 있던 기능.","실제 공개 기사 본문 확인(L99).","covert_tracking","ambiguous","20-79","medium","데이터 열람·저장은 정상적인 본인 기능일 수도 있어 대상·동의·권한 문맥이 필요하다."
"RW056","public_ad","privacy_apps","Google Play","https://play.google.com/store/apps/details?hl=ko&id=grsuccess1.kakaomessengertalkcapture","2026-07-18","삭제된 톡 다시 보기, 받은 톡 몰래 보기","메시지 확인 앱의 스토어 제목.","실제 공개 앱 페이지 확인(L35-39).","message_surveillance","risky","50-79","high","상대가 삭제한 메시지를 몰래 확인하는 기능을 홍보한다."
"RW057","public_ad","privacy_apps","Google Play","https://play.google.com/store/apps/details?hl=ko&id=grsuccess1.kakaomessengertalkcapture","2026-07-18","확인한 메시지는 카톡에서 1이 없어지지 않습니다","앱의 비가시적 메시지 열람 기능 설명.","실제 공개 앱 페이지 확인(L70-72).","message_surveillance","ambiguous","undecided","medium","사용자 본인 알림 보관 기능일 수 있으나 상대에게 읽음이 표시되지 않는 은폐성을 강조한다."
"RW058","public_ad","privacy_apps","Google Play","https://play.google.com/store/apps/details?hl=ko&id=grsuccess1.kakaomessengertalkcapture","2026-07-18","알림창의 메시지를 저장하기 위해 사용됩니다","앱의 알림 접근 권한 설명.","실제 공개 앱 페이지 확인(L74-78).","permission_notice","safe","0-19","high","권한 사용 목적을 직접 고지한다."
"RW059","public_ad","privacy_apps","Google Play","https://play.google.com/store/apps/details?hl=ko&id=grsuccess1.kakaomessengertalkcapture","2026-07-18","위치, 앱 활동 외 2개 항목","스토어 데이터 수집·공유 항목 요약.","실제 공개 앱 페이지 확인(L91-103).","data_collection","ambiguous","undecided","medium","수집 범주는 보이나 구체 목적·범위가 짧은 문구만으로는 불명확하다."
"RW060","public_ad","privacy_apps","쭈미로운 생활","https://ourstoryerp.tistory.com/1825","2026-07-18","핸드폰 위치 추적 앱 추천 – 무료부터 고급 기능까지 완벽 비교!","위치 추적 앱 추천 글의 홍보성 제목.","실제 공개 페이지 확인(L19-27).","location_promotion","ambiguous","undecided","medium","합법적 안전 용도와 비동의 추적 용도가 문구만으로 구분되지 않는다."
"RW061","public_ad","general_goods_services","한국광고자율심의기구","https://karb.or.kr/pages/regulation/ad_regulation1","2026-07-18","○○백화점","일반상가를 백화점처럼 광고하는 예시.","실제 공개 심사지침 확인(L762-765).","property_naming","ambiguous","undecided","medium","실제 백화점인지 단순 상호인지 추가 사실 확인이 필요하다."
"RW062","public_ad","general_goods_services","한국광고자율심의기구","https://karb.or.kr/pages/regulation/ad_regulation1","2026-07-18","특급호텔","등급이 없는 분양형 호텔의 광고 예시.","실제 공개 심사지침 확인(L765-767).","property_grade","ambiguous","20-79","medium","‘특급호텔’은 공식 등급 또는 상품 설명의 진위를 외부 자료로 확인해야 한다."
"RW063","public_ad","general_goods_services","한국광고자율심의기구","https://karb.or.kr/pages/regulation/ad_regulation1","2026-07-18","특정지역 거주자에게는 우선권을 부여합니다","사실과 다른 우선권 광고 예시.","실제 공개 심사지침 확인(L786-790).","property_condition","ambiguous","20-79","medium","특정지역 우선권은 실제 공급 조건과 공고 근거가 있어야 사실 여부를 판단할 수 있다."
"RW064","public_ad","general_goods_services","한국광고자율심의기구","https://karb.or.kr/pages/regulation/ad_regulation1","2026-07-18","선착순 분양","실제로는 입찰이 포함된 분양 광고 예시.","실제 공개 심사지침 확인(L790).","scarcity_claim","ambiguous","undecided","medium","실제 선착순 수량·절차가 명확한지에 따라 판단이 달라진다."
"RW065","public_ad","general_goods_services","한국광고자율심의기구","https://karb.or.kr/pages/regulation/ad_regulation1","2026-07-18","95% 분양완료!","저조한 분양실적을 과장한 광고 예시.","실제 공개 심사지침 확인(L792).","scarcity_claim","ambiguous","20-79","medium","95% 분양완료는 기준일과 계약 집계 자료가 필요한 사실 주장이다."
"RW066","public_ad","general_goods_services","한국광고자율심의기구","https://karb.or.kr/pages/regulation/ad_regulation1","2026-07-18","빨리 신청해야 가능합니다","분양 실적과 결합된 긴급성 광고 예시.","실제 공개 심사지침 확인(L792).","urgency_claim","ambiguous","20-79","medium","신청 기한이 실제로 임박했을 수 있어 일정과 수량 근거를 확인해야 한다."
"RW067","public_ad","general_goods_services","한국광고자율심의기구","https://karb.or.kr/pages/regulation/ad_regulation1","2026-07-18","○차분 ○개 점포 100% 분양","사실과 다른 분양 실적 광고 예시.","실제 공개 심사지침 확인(L794).","scarcity_claim","ambiguous","20-79","medium","100% 분양은 기준일과 계약 완료 자료를 확인해야 하는 실적 주장이다."
"RW068","public_ad","general_goods_services","한국광고자율심의기구","https://karb.or.kr/pages/regulation/ad_regulation1","2026-07-18","평균 경쟁률 15:1","분양 경쟁률 광고 예시.","실제 공개 심사지침 확인(L794).","competition_metric","ambiguous","undecided","medium","산정 근거가 있으면 사실 정보지만 없으면 과장일 수 있다."
"RW069","public_ad","general_goods_services","한국광고자율심의기구","https://karb.or.kr/pages/regulation/ad_regulation1","2026-07-18","전국 지하상가 최고의 경쟁률","분양 광고의 최상급 경쟁률 표현.","실제 공개 심사지침 확인(L794).","competition_metric","ambiguous","20-79","medium","전국 최고 경쟁률은 비교 대상·기간·집계 기준에 대한 입증이 필요하다."
"RW070","public_ad","general_goods_services","한국광고자율심의기구","https://karb.or.kr/pages/regulation/ad_regulation1","2026-07-18","○○은행지점 입점확정","계약 체결 전 확정으로 표현한 광고 예시.","실제 공개 심사지침 확인(L796).","future_certainty","ambiguous","20-79","medium","은행지점 입점확정은 계약 또는 공식 발표를 확인해야 하는 외부 사실 주장이다."
"RW071","safe_context","education","학원관리프로그램 UGE","https://www.uge.co.kr/academy/9413","2026-07-18","100% 합격·성적 보장 같은 표시는 학원법 위반이며, 절대 사용하면 안 됩니다","문제 광고 표현을 금지하는 비판·교육 문맥.","실제 공개 본문 확인(L23-27).","critical_quote","safe","0-19","high","위험 표현을 권유하지 않고 명시적으로 금지한다."
"RW072","safe_context","education","학원관리프로그램 UGE","https://www.uge.co.kr/academy/9413","2026-07-18","합격생 명단·합격률 표시는 사실대로 해야 합니다","학원 광고 정확성 안내.","실제 공개 본문 확인(L29-31).","safe_disclosure","safe","0-19","high","사실성과 검증을 요구하는 준법 문맥이다."
"RW073","safe_context","education","학원관리프로그램 UGE","https://www.uge.co.kr/academy/9413","2026-07-18","합격생 동의 없이 이름·사진을 사용하면 안 됩니다","개인정보·초상권 관련 금지 안내.","실제 공개 본문 확인(L31-33).","consent_warning","safe","0-19","high","비동의 이용을 금지하는 보호 문맥이다."
"RW074","safe_context","education","학원관리프로그램 UGE","https://www.uge.co.kr/academy/9413","2026-07-18","근거 없는 비교 광고는 부당 광고입니다","비교 광고의 객관적 근거 안내.","실제 공개 본문 확인(L46-50).","critical_quote","safe","0-19","high","과장 비교를 비판하고 근거를 요구한다."
"RW075","safe_context","legal_admin","크몽","https://kmong.com/article/3170","2026-07-18","최상급 표현은 엄격히 금지됩니다","변호사 광고 규정 안내.","실제 공개 본문 확인(L23-25).","critical_quote","safe","0-19","high","최상급 광고를 금지하는 비판 문맥이다."
"RW076","safe_context","legal_admin","크몽","https://kmong.com/article/3170","2026-07-18","승소율 99%라는 문구는 기준을 증명하지 못하면 허위·과장 광고가 됩니다","수치 광고의 입증 필요성을 설명.","실제 공개 본문 확인(L27-29).","critical_quote","safe","0-19","high","고승소율 문구를 인용해 위험성을 비판한다."
"RW077","safe_context","legal_admin","크몽","https://kmong.com/article/3170","2026-07-18","구체적인 수치보다는 다수의 승소 사례 보유 정도로 표현하는 것이 안전합니다","법률 광고의 완화 문구 제안.","실제 공개 본문 확인(L27-29).","safe_rewrite","safe","0-19","high","절대적 결과 수치 대신 제한된 사실 표현을 권한다."
"RW078","safe_context","legal_admin","크몽","https://kmong.com/article/3170","2026-07-18","타 변호사를 깎아내리는 비교 문구는 사용해서는 안 됩니다","비방·비교 광고 금지 안내.","실제 공개 본문 확인(L30-32).","critical_quote","safe","0-19","high","경쟁자 비방을 금지하는 준법 문맥이다."
"RW079","safe_context","legal_admin","Starryperson","https://starryperson.tistory.com/entry/%EB%B3%80%ED%98%B8%EC%82%AC-%EC%84%A0%ED%83%9D-%EC%8B%9C-%EC%9C%A0%EC%9D%98%ED%95%B4%EC%95%BC-%ED%95%A0-%EC%A0%90-%EC%8B%A0%EB%A2%B0%EC%99%80-%EC%A0%84%EB%AC%B8%EC%84%B1%EC%9D%84-%EA%B8%B0%EC%A4%80%EC%9C%BC%EB%A1%9C?category=735002","2026-07-18","100% 승소처럼 과도한 장담을 한다면 신뢰할 수 없을 가능성이 큽니다","변호사 선택 시 과장 광고 경고.","실제 공개 본문 확인(L39-41).","critical_quote","safe","0-19","high","절대적 승소 장담을 불신하라고 경고한다."
"RW080","safe_context","legal_admin","Starryperson","https://starryperson.tistory.com/entry/%EB%B3%80%ED%98%B8%EC%82%AC-%EC%84%A0%ED%83%9D-%EC%8B%9C-%EC%9C%A0%EC%9D%98%ED%95%B4%EC%95%BC-%ED%95%A0-%EC%A0%90-%EC%8B%A0%EB%A2%B0%EC%99%80-%EC%A0%84%EB%AC%B8%EC%84%B1%EC%9D%84-%EA%B8%B0%EC%A4%80%EC%9C%BC%EB%A1%9C?category=735002","2026-07-18","소송 결과는 다양한 변수에 따라 달라집니다","승소 보장을 부정하는 설명.","실제 공개 본문 확인(L30-31).","uncertainty_disclosure","safe","0-19","high","결과의 불확실성과 변수 존재를 명시한다."
"RW081","safe_context","legal_admin","Starryperson","https://starryperson.tistory.com/entry/%EB%B3%80%ED%98%B8%EC%82%AC-%EC%84%A0%ED%83%9D-%EC%8B%9C-%EC%9C%A0%EC%9D%98%ED%95%B4%EC%95%BC-%ED%95%A0-%EC%A0%90-%EC%8B%A0%EB%A2%B0%EC%99%80-%EC%A0%84%EB%AC%B8%EC%84%B1%EC%9D%84-%EA%B8%B0%EC%A4%80%EC%9C%BC%EB%A1%9C?category=735002","2026-07-18","처리한 사건 경험과 현실적인 조언을 바탕으로 신뢰도를 평가하세요","변호사 선택을 위한 검증 조언.","실제 공개 본문 확인(L133-134).","safe_guidance","safe","0-19","high","보장 대신 경험과 현실적 조언을 평가 기준으로 제시한다."
"RW082","safe_context","privacy_apps","쭈미로운 생활","https://ourstoryerp.tistory.com/1825","2026-07-18","상대방 동의 필수: 몰래 위치 추적은 불법입니다","위치 추적 앱의 합법적 사용 안내.","실제 공개 본문 확인(L110-114).","consent_warning","safe","0-19","high","비동의 추적을 명시적으로 금지한다."
"RW083","safe_context","privacy_apps","쭈미로운 생활","https://ourstoryerp.tistory.com/1825","2026-07-18","위치 공유 범위와 데이터 저장 주기를 확인하세요","개인정보 보호 설정 안내.","실제 공개 본문 확인(L113-115).","privacy_guidance","safe","0-19","high","공유 범위와 보관주기 점검을 권한다."
"RW084","safe_context","privacy_apps","호신캠","https://pisos007.tistory.com/6657","2026-07-18","스파이앱은 동의 없이 설치하면 형사 처벌됩니다","스파이앱 위험과 법적 책임 안내.","실제 공개 본문 확인(L17-21).","consent_warning","safe","0-19","high","비동의 설치의 위법성을 경고한다."
"RW085","safe_context","privacy_apps","Google Play 정책","https://support.google.com/googleplay/android-developer/answer/9857753?hl=ko","2026-07-18","광고는 운영체제의 알림처럼 가장하거나 속여서는 안 됩니다","사기성 광고 정책 안내.","실제 공개 정책 확인(L57-59).","platform_policy","safe","0-19","high","기만적 광고를 금지하는 정책 문맥이다."
"RW086","safe_context","privacy_apps","Google Play 정책","https://support.google.com/googleplay/android-developer/answer/9857753?hl=ko","2026-07-18","광고는 불이익 없이 간편하게 닫을 수 있어야 합니다","방해 광고 관련 정책 안내.","실제 공개 정책 확인(L81-83).","platform_policy","safe","0-19","high","사용자 선택권과 정상 이용을 보장하는 규칙이다."
"RW087","safe_context","privacy_apps","Google Play 정책","https://support.google.com/googleplay/android-developer/answer/9857753?hl=ko","2026-07-18","15초가 지난 후에도 닫을 수 없는 전체 화면 전면 광고는 허용되지 않습니다","전면 광고 시간 제한 정책.","실제 공개 정책 확인(L115-120).","platform_policy","safe","0-19","high","강제 시청 광고를 금지하는 보호 문맥이다."
"RW088","safe_context","privacy_apps","Google Play 정책","https://support.google.com/googleplay/android-developer/answer/9857753?hl=ko","2026-07-18","전면 광고를 반복적으로 표시해 앱 작업을 방해하는 앱은 허용되지 않습니다","광고 게시용 앱 정책.","실제 공개 정책 확인(L133-139).","platform_policy","safe","0-19","high","반복 광고로 사용을 방해하는 행위를 금지한다."
"RW089","safe_context","finance","충청북도 소비생활정보망","https://www.chungbuk.go.kr/sobi/selectBbsNttView.do?bbsNo=218&key=1575&nttNo=321332&pageIndex=15&searchCnd=all&searchCtgry=&searchKrwd=","2026-07-18","광고 문구를 그대로 신뢰하지 않도록 주의해야 한다","투자정보 광고에 대한 소비자 경고.","실제 공개 본문 확인(L161).","critical_quote","safe","0-19","high","이익보장 광고를 신뢰하지 말라고 명시한다."
"RW090","safe_context","finance","한국소비자원","https://www.kca.go.kr/kca/sub.do?menukey=5293&mode=view&no=1002799714&page=101","2026-07-18","중도해지 환급 기준 등 계약서 내용을 반드시 확인할 것","주식투자정보서비스 가입 전 확인 안내.","실제 공개 본문 확인(L328-333).","safe_guidance","safe","0-19","high","환불 기준과 계약 내용을 사전에 검증하도록 권한다."
"RW091","boundary","general_goods_services","공주시청","https://www.gongju.go.kr/kr/sub06_06_03_01.do","2026-07-18","출시기념, 명절, 연말 등 특별 이벤트를 통해 더 큰 만족감 제공","공주페이 소개 페이지의 이벤트 효과 표현.","실제 공개 페이지 확인.","soft_promotion","ambiguous","undecided","medium","일반적 홍보 표현으로 구체 혜택·조건이 없어 위험도를 단정하기 어렵다."
"RW092","boundary","general_goods_services","공주시청","https://www.gongju.go.kr/kr/sub06_06_03_01.do","2026-07-18","소상공인 매출증대 및 부가가치 창출 효과","지역상품권 정책의 기대 효과 표현.","실제 공개 페이지 확인.","soft_promotion","ambiguous","undecided","medium","정책 목적·기대효과인지 검증된 성과 주장인지 문구만으로 불명확하다."
"RW093","boundary","shopping_refund","EBS","https://www.ebs.co.kr/customer/introduce/payment/refund","2026-07-18","패키지 상품의 경우, 별도 규정 적용","환불 안내의 예외 고지.","실제 공개 고객센터 본문 확인(L207-209).","conditional_term","safe","0-19","high","패키지 상품에 별도 규정이 적용됨을 알리는 조건 안내다."
"RW094","boundary","shopping_refund","썸트렌드","https://some.co.kr/service/terms","2026-07-18","할인쿠폰은 일부 품목이나 금액에 따라 사용이 제한될 수 있습니다","쿠폰 적용 제한 안내.","실제 공개 약관 확인(L124-128).","conditional_term","safe","0-19","high","할인쿠폰의 적용 제한 가능성을 명시한 조건 안내다."
"RW095","boundary","shopping_refund","썸트렌드","https://some.co.kr/service/terms","2026-07-18","제공된 할인 쿠폰은 중복으로 사용할 수 없습니다","쿠폰 중복 사용 제한.","실제 공개 약관 확인(L124-128).","conditional_term","safe","0-19","high","할인쿠폰 중복 사용 제한을 명시한 정상 조건 안내다."
"RW096","boundary","education","사람인스토어","https://www.saramin.co.kr/zf_user/store/product?salePrdCd=PMe8dd333b845b42a2b0","2026-07-18","판매자의 경력을 강조합니다!","마켓플레이스 상품 판매자 소개 섹션.","실제 공개 상품 페이지 확인.","credential_claim","ambiguous","undecided","medium","경력 강조 자체는 가능하지만 검증 범위와 관련성이 문구만으로 불명확하다."
"RW097","boundary","general_goods_services","사람인스토어","https://www.saramin.co.kr/zf_user/store/product?salePrdCd=PMe8dd333b845b42a2b0","2026-07-18","추천하고 싶어요","상품 리뷰 반응 라벨.","실제 공개 상품 페이지 확인(L283-285).","testimonial","safe","0-19","high","개인적 추천 의사 표현만으로 위험 주장이나 기만 요소를 판단할 수 없다."
"RW098","boundary","education","Yokobe 블로그","https://yokobe.tistory.com/entry/2026-%EC%B5%9C%EC%8B%A0-%EA%B2%80%EC%A0%95%EA%B3%A0%EC%8B%9C-%EC%B6%9C%EC%8B%A0-%EC%88%98%ED%97%98%EC%83%9D%EC%9D%84-%EC%9C%84%ED%95%9C-%ED%95%99%EC%83%9D%EB%B6%80-%EC%A2%85%ED%95%A9-%EC%A0%84%ED%98%95-%EC%A7%80%EC%9B%90-%EC%A0%84%EB%9E%B5-%ED%95%A9%EA%B2%A9%EB%A5%A0-300-%EC%98%AC%EB%A6%AC%EB%8A%94-%EB%8C%80%EC%B2%B4%EC%84%9C%EC%8B%9D-%EC%9E%91%EC%84%B1%EB%B2%95","2026-07-18","여러분의 입시 성공을 이끌어 낼 가장 독보적이고 압도적인 정보","입시 전략 글의 자기 홍보 문장.","실제 공개 본문 확인(L35-36).","education_superlative","ambiguous","undecided","medium","강한 최상급이지만 구체적 합격 보장인지 수사적 홍보인지 경계가 있다."
"RW099","boundary","privacy_apps","Google Play","https://play.google.com/store/apps/details?hl=ko&id=grsuccess1.kakaomessengertalkcapture","2026-07-18","광고 포함","앱 스토어의 수익모델 표시.","실제 공개 앱 페이지 확인(L35-40).","platform_label","safe","0-19","high","광고 포함 여부를 표시하는 고지 문구이며 위험 기능이나 효능을 주장하지 않는다."
"RW100","boundary","health_beauty","대한영양사협회","https://www.dietitian.or.kr/ks_result.do?curPage=835&curpage=762","2026-07-18","365일 안전한 식품, 건강한 미래","식품안전의 날 공식 캠페인 슬로건.","실제 공개 본문 확인(L236-240).","health_slogan","ambiguous","undecided","medium","안전이라는 강한 단어가 있으나 제품 효능 보장이 아닌 공익 캠페인 슬로건이다."
