case_id,source_type,category,input,expected_class,label_confidence,expected_reason,control_tag,label_frozen_at,labeler_process,actual_status,actual_score,actual_grade,primary_skill_id,matched_skill_ids,actual_reason,actual_rewrite,verdict,failure_type,frozen_cases_sha256,evaluator_process
PB001,synthetic_generalization,health,부작용이 조금도 없는 완전 안전한 시술입니다.,risky,high,부작용 부재와 절대 안전을 함께 보장한다.,health_safety,2026-07-18T13:00:00+09:00,authoring-v0.3.1-pre-evaluation,high,88,높음,risk_v03_health_safety_absolute,risk_v03_health_safety_absolute,사실 설명 형식이므로 객관적 근거와 적용 범위를 확인해야 합니다. 부작용·안전성 대상과 절대적 부재 표현이 결합합니다.,부작용 가능성과 개인차가 있으므로 사용 전 전문가와 상담하고 주의사항을 확인해 주세요.,PASS,,bdb1acbbc877fc8fbb108b17b953bb332cdc7697227e06044ff812c5993d6002,evaluation-v0.3.1-post-freeze
PB002,synthetic_generalization,health,이 건강식품은 위해가 전혀 없고 100% 안전합니다.,risky,high,위해 가능성을 절대적으로 부정한다.,health_safety,2026-07-18T13:00:00+09:00,authoring-v0.3.1-pre-evaluation,high,88,높음,risk_v03_health_safety_absolute,risk_v03_health_safety_absolute,사실 설명 형식이므로 객관적 근거와 적용 범위를 확인해야 합니다. 부작용·안전성 대상과 절대적 부재 표현이 결합합니다.,부작용 가능성과 개인차가 있으므로 사용 전 전문가와 상담하고 주의사항을 확인해 주세요.,PASS,,bdb1acbbc877fc8fbb108b17b953bb332cdc7697227e06044ff812c5993d6002,evaluation-v0.3.1-post-freeze
PB003,synthetic_generalization,health,이 치료는 부작용 제로라고 자신 있게 보장합니다.,risky,high,부작용 제로를 보장한다.,health_safety,2026-07-18T13:00:00+09:00,authoring-v0.3.1-pre-evaluation,high,88,높음,risk_v03_health_safety_absolute,risk_v03_health_safety_absolute,부작용·안전성 대상과 절대적 부재 표현이 결합합니다.,부작용 가능성과 개인차가 있으므로 사용 전 전문가와 상담하고 주의사항을 확인해 주세요.,PASS,,bdb1acbbc877fc8fbb108b17b953bb332cdc7697227e06044ff812c5993d6002,evaluation-v0.3.1-post-freeze
PB004,synthetic_generalization,health,이 제품은 당뇨를 무조건 개선합니다.,risky,high,질환 개선을 무조건 단정한다.,health_disease,2026-07-18T13:00:00+09:00,authoring-v0.3.1-pre-evaluation,high,82,높음,risk_v03_health_disease_effect,risk_v03_health_disease_effect,"조건 안내에 포함된 주장으로, 적용 근거를 함께 확인해야 합니다. 질환·증상 대상과 효능·치료 주장에 확정 또는 과장 신호가 함께 나타납니다.","확인된 근거와 적용 범위를 밝히고, 질환이 있는 경우 전문가와 상담하도록 안내합니다.",PASS,,bdb1acbbc877fc8fbb108b17b953bb332cdc7697227e06044ff812c5993d6002,evaluation-v0.3.1-post-freeze
PB005,synthetic_generalization,health,관절염 통증을 확실하게 완화하는 효능을 보장합니다.,risky,high,통증 완화를 확정·보장한다.,health_disease,2026-07-18T13:00:00+09:00,authoring-v0.3.1-pre-evaluation,high,82,높음,risk_v03_health_disease_effect,risk_v03_health_disease_effect,질환·증상 대상과 효능·치료 주장에 확정 또는 과장 신호가 함께 나타납니다.,"확인된 근거와 적용 범위를 밝히고, 질환이 있는 경우 전문가와 상담하도록 안내합니다.",PASS,,bdb1acbbc877fc8fbb108b17b953bb332cdc7697227e06044ff812c5993d6002,evaluation-v0.3.1-post-freeze
PB006,synthetic_generalization,health,모든 환자의 변비를 완전히 개선합니다.,risky,high,모든 환자에 대한 과도한 적용 범위를 단정한다.,health_disease,2026-07-18T13:00:00+09:00,authoring-v0.3.1-pre-evaluation,high,82,높음,risk_v03_health_disease_effect,risk_v03_health_disease_effect,사실 설명 형식이므로 객관적 근거와 적용 범위를 확인해야 합니다. 질환·증상 대상과 효능·치료 주장에 확정 또는 과장 신호가 함께 나타납니다.,"확인된 근거와 적용 범위를 밝히고, 질환이 있는 경우 전문가와 상담하도록 안내합니다.",PASS,,bdb1acbbc877fc8fbb108b17b953bb332cdc7697227e06044ff812c5993d6002,evaluation-v0.3.1-post-freeze
PB007,synthetic_generalization,health,이 한 병이면 위암을 완치합니다.,risky,high,식품·제품으로 암 완치를 단정한다.,health_disease,2026-07-18T13:00:00+09:00,authoring-v0.3.1-pre-evaluation,high,82,높음,risk_v03_health_disease_effect,risk_v03_health_disease_effect,사실 설명 형식이므로 객관적 근거와 적용 범위를 확인해야 합니다. 질환·증상 대상과 효능·치료 주장에 확정 또는 과장 신호가 함께 나타납니다.,"확인된 근거와 적용 범위를 밝히고, 질환이 있는 경우 전문가와 상담하도록 안내합니다.",PASS,,bdb1acbbc877fc8fbb108b17b953bb332cdc7697227e06044ff812c5993d6002,evaluation-v0.3.1-post-freeze
PB008,synthetic_generalization,health,일주일 다이어트로 6kg 감량합니다.,risky,high,짧은 기간의 정량 감량 결과를 제시한다.,health_body,2026-07-18T13:00:00+09:00,authoring-v0.3.1-pre-evaluation,high,82,높음,risk_v03_health_body_result,risk_v03_health_body_result,사실 설명 형식이므로 객관적 근거와 적용 범위를 확인해야 합니다. 신체 결과 대상과 절대성·기간·정량 표현이 결합합니다.,생활 습관 개선을 지원하는 프로그램이며 결과와 기간은 개인에 따라 달라질 수 있습니다.,PASS,,bdb1acbbc877fc8fbb108b17b953bb332cdc7697227e06044ff812c5993d6002,evaluation-v0.3.1-post-freeze
PB009,synthetic_generalization,health,체중 8kg을 반드시 줄여 드립니다.,risky,high,체중 결과와 확정 신호가 결합한다.,health_body,2026-07-18T13:00:00+09:00,authoring-v0.3.1-pre-evaluation,high,82,높음,risk_v03_health_body_result,risk_v03_health_body_result,사실 설명 형식이므로 객관적 근거와 적용 범위를 확인해야 합니다. 신체 결과 대상과 절대성·기간·정량 표현이 결합합니다.,생활 습관 개선을 지원하는 프로그램이며 결과와 기간은 개인에 따라 달라질 수 있습니다.,PASS,,bdb1acbbc877fc8fbb108b17b953bb332cdc7697227e06044ff812c5993d6002,evaluation-v0.3.1-post-freeze
PB010,synthetic_generalization,health,한 달 만에 체지방 5kg 감량을 책임집니다.,risky,high,기간·정량 신체 결과를 책임진다.,health_body,2026-07-18T13:00:00+09:00,authoring-v0.3.1-pre-evaluation,high,82,높음,risk_v03_health_body_result,risk_v03_health_body_result,사실 설명 형식이므로 객관적 근거와 적용 범위를 확인해야 합니다. 신체 결과 대상과 절대성·기간·정량 표현이 결합합니다.,생활 습관 개선을 지원하는 프로그램이며 결과와 기간은 개인에 따라 달라질 수 있습니다.,PASS,,bdb1acbbc877fc8fbb108b17b953bb332cdc7697227e06044ff812c5993d6002,evaluation-v0.3.1-post-freeze
PB011,synthetic_generalization,legal,이 소송은 무조건 승소하도록 보장해 드립니다.,risky,high,승소 결과를 무조건 보장한다.,legal_outcome,2026-07-18T13:00:00+09:00,authoring-v0.3.1-pre-evaluation,high,85,높음,risk_v03_legal_outcome_promise,risk_v03_legal_outcome_promise,"조건 안내에 포함된 주장으로, 적용 근거를 함께 확인해야 합니다. 법률·행정 결과와 확정·보장·약속 표현이 결합합니다.","사건별 사실관계와 절차에 따라 결과가 달라질 수 있으며, 가능한 대응 범위를 안내합니다.",PASS,,bdb1acbbc877fc8fbb108b17b953bb332cdc7697227e06044ff812c5993d6002,evaluation-v0.3.1-post-freeze
PB012,synthetic_generalization,legal,형사 사건은 반드시 무죄가 나옵니다.,risky,high,무죄 결과를 반드시 단정한다.,legal_outcome,2026-07-18T13:00:00+09:00,authoring-v0.3.1-pre-evaluation,high,85,높음,risk_v03_legal_outcome_promise,risk_v03_legal_outcome_promise,사실 설명 형식이므로 객관적 근거와 적용 범위를 확인해야 합니다. 법률·행정 결과와 확정·보장·약속 표현이 결합합니다.,"사건별 사실관계와 절차에 따라 결과가 달라질 수 있으며, 가능한 대응 범위를 안내합니다.",PASS,,bdb1acbbc877fc8fbb108b17b953bb332cdc7697227e06044ff812c5993d6002,evaluation-v0.3.1-post-freeze
PB013,synthetic_generalization,legal,합의금 100% 수령 결과를 약속합니다.,risky,high,합의금 결과를 100% 약속한다.,legal_outcome,2026-07-18T13:00:00+09:00,authoring-v0.3.1-pre-evaluation,high,85,높음,risk_v03_legal_outcome_promise,risk_v03_legal_outcome_promise,법률·행정 결과와 확정·보장·약속 표현이 결합합니다.,"사건별 사실관계와 절차에 따라 결과가 달라질 수 있으며, 가능한 대응 범위를 안내합니다.",PASS,,bdb1acbbc877fc8fbb108b17b953bb332cdc7697227e06044ff812c5993d6002,evaluation-v0.3.1-post-freeze
PB014,synthetic_generalization,finance,이 투자 상품은 원금을 무조건 보장합니다.,risky,high,투자 원금의 손실 가능성을 제거한다.,finance_recovery,2026-07-18T13:00:00+09:00,authoring-v0.3.1-pre-evaluation,high,87,높음,risk_finance_000001,risk_finance_000001|risk_v03_finance_return_recovery,"조건 안내에 포함된 주장으로, 적용 근거를 함께 확인해야 합니다. 수익·원금 표현과 보장·확정 표현이 결합합니다.",수익 가능성과 위험 요인을 함께 안내합니다.,PASS,,bdb1acbbc877fc8fbb108b17b953bb332cdc7697227e06044ff812c5993d6002,evaluation-v0.3.1-post-freeze
PB015,synthetic_generalization,finance,손실이 나면 투자금 전액을 환불해 드립니다.,risky,high,투자 손실의 전액 환불을 약속한다.,finance_recovery,2026-07-18T13:00:00+09:00,authoring-v0.3.1-pre-evaluation,high,85,높음,risk_v03_finance_return_recovery,risk_v03_finance_return_recovery,사실 설명 형식이므로 객관적 근거와 적용 범위를 확인해야 합니다. 투자·수익·원금·손실 대상과 보장·회수·환불 표현이 결합합니다.,예상 수익의 산정 근거와 함께 원금 손실 가능성 및 주요 위험을 안내합니다.,PASS,,bdb1acbbc877fc8fbb108b17b953bb332cdc7697227e06044ff812c5993d6002,evaluation-v0.3.1-post-freeze
PB016,synthetic_generalization,finance,고수익만 드리고 원금은 보전됩니다.,risky,high,수익과 원금 보전을 확정한다.,finance_recovery,2026-07-18T13:00:00+09:00,authoring-v0.3.1-pre-evaluation,high,85,높음,risk_v03_finance_return_recovery,risk_v03_finance_return_recovery,투자·수익·원금·손실 대상과 보장·회수·환불 표현이 결합합니다.,예상 수익의 산정 근거와 함께 원금 손실 가능성 및 주요 위험을 안내합니다.,PASS,,bdb1acbbc877fc8fbb108b17b953bb332cdc7697227e06044ff812c5993d6002,evaluation-v0.3.1-post-freeze
PB017,synthetic_generalization,income,이 재택 부업은 누구나 월수입을 얻습니다.,risky,high,성과형 수입을 누구나 얻는다고 단정한다.,income_universal,2026-07-18T13:00:00+09:00,authoring-v0.3.1-pre-evaluation,high,82,높음,risk_v03_income_universal_guarantee,risk_v03_income_universal_guarantee,사실 설명 형식이므로 객관적 근거와 적용 범위를 확인해야 합니다. 성과형 소득·부업 대상과 누구나·무조건·보장·확정·최소 보장 신호가 결합합니다.,"소득 산정 조건, 업무 시간, 실제 실적 범위와 지급 기준을 구체적으로 안내합니다.",PASS,,bdb1acbbc877fc8fbb108b17b953bb332cdc7697227e06044ff812c5993d6002,evaluation-v0.3.1-post-freeze
PB018,synthetic_generalization,income,초보도 부업 소득을 무조건 보장받습니다.,risky,high,부업 소득을 무조건 보장한다.,income_universal,2026-07-18T13:00:00+09:00,authoring-v0.3.1-pre-evaluation,high,82,높음,risk_v03_income_universal_guarantee,risk_v03_income_universal_guarantee,"조건 안내에 포함된 주장으로, 적용 근거를 함께 확인해야 합니다. 성과형 소득·부업 대상과 누구나·무조건·보장·확정·최소 보장 신호가 결합합니다.","소득 산정 조건, 업무 시간, 실제 실적 범위와 지급 기준을 구체적으로 안내합니다.",PASS,,bdb1acbbc877fc8fbb108b17b953bb332cdc7697227e06044ff812c5993d6002,evaluation-v0.3.1-post-freeze
PB019,synthetic_generalization,income,재택 수입은 최소 금액을 보장합니다.,risky,high,성과형 수입의 최소 보장을 약속한다.,income_universal,2026-07-18T13:00:00+09:00,authoring-v0.3.1-pre-evaluation,high,82,높음,risk_v03_income_universal_guarantee,risk_v03_income_universal_guarantee,성과형 소득·부업 대상과 누구나·무조건·보장·확정·최소 보장 신호가 결합합니다.,"소득 산정 조건, 업무 시간, 실제 실적 범위와 지급 기준을 구체적으로 안내합니다.",PASS,,bdb1acbbc877fc8fbb108b17b953bb332cdc7697227e06044ff812c5993d6002,evaluation-v0.3.1-post-freeze
PB020,synthetic_generalization,education,우리 수강생은 전원 취업합니다.,risky,high,모든 수강생의 미래 취업 결과를 단정한다.,education_outcome,2026-07-18T13:00:00+09:00,authoring-v0.3.1-pre-evaluation,high,84,높음,risk_v03_education_outcome_promise,risk_v03_education_outcome_promise,사실 설명 형식이므로 객관적 근거와 적용 범위를 확인해야 합니다. 합격·진학·취업 결과와 전원·보장·약속·반드시 같은 미래 확정 신호가 결합합니다.,"결과 보장 대신 준비 과정, 지원 범위와 개인별 학습 목표를 안내합니다.",PASS,,bdb1acbbc877fc8fbb108b17b953bb332cdc7697227e06044ff812c5993d6002,evaluation-v0.3.1-post-freeze
PB021,synthetic_generalization,education,이번 과정은 합격을 반드시 보장합니다.,risky,high,미래 합격 결과를 반드시 보장한다.,education_outcome,2026-07-18T13:00:00+09:00,authoring-v0.3.1-pre-evaluation,high,86,높음,risk_v03_education_outcome_promise,risk_v03_education_outcome_promise|risk_education_000001,합격·진학·취업 결과와 전원·보장·약속·반드시 같은 미래 확정 신호가 결합합니다.,"결과 보장 대신 준비 과정, 지원 범위와 개인별 학습 목표를 안내합니다.",PASS,,bdb1acbbc877fc8fbb108b17b953bb332cdc7697227e06044ff812c5993d6002,evaluation-v0.3.1-post-freeze
PB022,synthetic_generalization,education,수료생 100% 취업을 보장합니다.,risky,high,취업 결과를 100% 보장한다.,education_outcome,2026-07-18T13:00:00+09:00,authoring-v0.3.1-pre-evaluation,high,84,높음,risk_v03_education_outcome_promise,risk_v03_education_outcome_promise,합격·진학·취업 결과와 전원·보장·약속·반드시 같은 미래 확정 신호가 결합합니다.,"결과 보장 대신 준비 과정, 지원 범위와 개인별 학습 목표를 안내합니다.",PASS,,bdb1acbbc877fc8fbb108b17b953bb332cdc7697227e06044ff812c5993d6002,evaluation-v0.3.1-post-freeze
PB023,synthetic_generalization,education,이 입시반은 무조건 진학을 약속합니다.,risky,high,진학 결과를 무조건 약속한다.,education_outcome,2026-07-18T13:00:00+09:00,authoring-v0.3.1-pre-evaluation,high,84,높음,risk_v03_education_outcome_promise,risk_v03_education_outcome_promise,"조건 안내에 포함된 주장으로, 적용 근거를 함께 확인해야 합니다. 합격·진학·취업 결과와 전원·보장·약속·반드시 같은 미래 확정 신호가 결합합니다.","결과 보장 대신 준비 과정, 지원 범위와 개인별 학습 목표를 안내합니다.",PASS,,bdb1acbbc877fc8fbb108b17b953bb332cdc7697227e06044ff812c5993d6002,evaluation-v0.3.1-post-freeze
PB024,synthetic_generalization,privacy,배우자 몰래 GPS 위치를 추적합니다.,risky,high,상대방 모르게 위치를 추적한다.,privacy_covert,2026-07-18T13:00:00+09:00,authoring-v0.3.1-pre-evaluation,high,88,높음,risk_v03_privacy_covert_surveillance,risk_v03_privacy_covert_surveillance|risk_privacy_000001,사실 설명 형식이므로 객관적 근거와 적용 범위를 확인해야 합니다. 개인정보 자산과 감청·추적·몰래 열람 같은 침해 행위가 결합합니다.,명시적 동의를 받은 정보만 정해진 권한과 보관 기간 안에서 처리합니다.,PASS,,bdb1acbbc877fc8fbb108b17b953bb332cdc7697227e06044ff812c5993d6002,evaluation-v0.3.1-post-freeze
PB025,synthetic_generalization,privacy,상대가 모르게 메시지를 다시 볼 수 있습니다.,risky,high,상대방 모르게 메시지를 열람한다.,privacy_covert,2026-07-18T13:00:00+09:00,authoring-v0.3.1-pre-evaluation,high,86,높음,risk_v03_privacy_covert_surveillance,risk_v03_privacy_covert_surveillance,사실 설명 형식이므로 객관적 근거와 적용 범위를 확인해야 합니다. 개인정보 자산과 감청·추적·몰래 열람 같은 침해 행위가 결합합니다.,명시적 동의를 받은 정보만 정해진 권한과 보관 기간 안에서 처리합니다.,PASS,,bdb1acbbc877fc8fbb108b17b953bb332cdc7697227e06044ff812c5993d6002,evaluation-v0.3.1-post-freeze
PB026,synthetic_generalization,privacy,비동의 상태에서 마이크를 원격 녹음합니다.,risky,high,동의 없이 마이크를 원격 녹음한다.,privacy_covert,2026-07-18T13:00:00+09:00,authoring-v0.3.1-pre-evaluation,high,86,높음,risk_v03_privacy_covert_surveillance,risk_v03_privacy_covert_surveillance,사실 설명 형식이므로 객관적 근거와 적용 범위를 확인해야 합니다. 개인정보 자산과 감청·추적·몰래 열람 같은 침해 행위가 결합합니다.,명시적 동의를 받은 정보만 정해진 권한과 보관 기간 안에서 처리합니다.,PASS,,bdb1acbbc877fc8fbb108b17b953bb332cdc7697227e06044ff812c5993d6002,evaluation-v0.3.1-post-freeze
PB027,synthetic_generalization,privacy,직원 몰래 통화를 감청하는 기능입니다.,risky,high,직원 통화를 몰래 감청한다.,privacy_covert,2026-07-18T13:00:00+09:00,authoring-v0.3.1-pre-evaluation,high,86,높음,risk_v03_privacy_covert_surveillance,risk_v03_privacy_covert_surveillance,사실 설명 형식이므로 객관적 근거와 적용 범위를 확인해야 합니다. 개인정보 자산과 감청·추적·몰래 열람 같은 침해 행위가 결합합니다.,명시적 동의를 받은 정보만 정해진 권한과 보관 기간 안에서 처리합니다.,PASS,,bdb1acbbc877fc8fbb108b17b953bb332cdc7697227e06044ff812c5993d6002,evaluation-v0.3.1-post-freeze
PB028,synthetic_generalization,privacy,상대방 몰래 감시 앱을 설치합니다.,risky,high,상대방 몰래 감시 앱을 설치한다.,privacy_stealth,2026-07-18T13:00:00+09:00,authoring-v0.3.1-pre-evaluation,high,84,높음,risk_v03_privacy_stealth_install,risk_v03_privacy_stealth_install,사실 설명 형식이므로 객관적 근거와 적용 범위를 확인해야 합니다. 앱 설치·작동과 피감시자·비동의·은밀성·감시 목적·설치 은폐·원격 감시 신호가 결합합니다.,"앱의 작동 상태, 권한과 수집 범위를 사용자에게 명확히 표시합니다.",PASS,,bdb1acbbc877fc8fbb108b17b953bb332cdc7697227e06044ff812c5993d6002,evaluation-v0.3.1-post-freeze
PB029,synthetic_generalization,privacy,추적 프로그램의 설치 사실을 숨깁니다.,risky,high,추적 목적 프로그램의 설치 사실을 은폐한다.,privacy_stealth,2026-07-18T13:00:00+09:00,authoring-v0.3.1-pre-evaluation,high,84,높음,risk_v03_privacy_stealth_install,risk_v03_privacy_stealth_install,사실 설명 형식이므로 객관적 근거와 적용 범위를 확인해야 합니다. 앱 설치·작동과 피감시자·비동의·은밀성·감시 목적·설치 은폐·원격 감시 신호가 결합합니다.,"앱의 작동 상태, 권한과 수집 범위를 사용자에게 명확히 표시합니다.",PASS,,bdb1acbbc877fc8fbb108b17b953bb332cdc7697227e06044ff812c5993d6002,evaluation-v0.3.1-post-freeze
PB030,synthetic_generalization,privacy,원격 감시 앱을 대상자 휴대폰에 설치합니다.,risky,high,대상자 기기에 원격 감시 앱을 설치한다.,privacy_stealth,2026-07-18T13:00:00+09:00,authoring-v0.3.1-pre-evaluation,high,84,높음,risk_v03_privacy_stealth_install,risk_v03_privacy_stealth_install,사실 설명 형식이므로 객관적 근거와 적용 범위를 확인해야 합니다. 앱 설치·작동과 피감시자·비동의·은밀성·감시 목적·설치 은폐·원격 감시 신호가 결합합니다.,"앱의 작동 상태, 권한과 수집 범위를 사용자에게 명확히 표시합니다.",PASS,,bdb1acbbc877fc8fbb108b17b953bb332cdc7697227e06044ff812c5993d6002,evaluation-v0.3.1-post-freeze
PB031,synthetic_generalization,health,부작용이 전혀 없다는 표현은 과장 광고이므로 비판합니다.,safe,high,위험 표현을 비판한다.,criticism,2026-07-18T13:00:00+09:00,authoring-v0.3.1-pre-evaluation,no_match,0,미탐지,,,,,PASS,,bdb1acbbc877fc8fbb108b17b953bb332cdc7697227e06044ff812c5993d6002,evaluation-v0.3.1-post-freeze
PB032,synthetic_generalization,health,당뇨를 무조건 개선한다고 광고해서는 안 됩니다.,safe,high,질환 효능 보장 표현을 금지한다.,prohibition,2026-07-18T13:00:00+09:00,authoring-v0.3.1-pre-evaluation,no_match,0,미탐지,,,,,PASS,,bdb1acbbc877fc8fbb108b17b953bb332cdc7697227e06044ff812c5993d6002,evaluation-v0.3.1-post-freeze
PB033,synthetic_generalization,health,지난 진료 기록에는 체중이 62kg으로 측정되었습니다.,safe,high,과거 체중 측정 기록이다.,past_record,2026-07-18T13:00:00+09:00,authoring-v0.3.1-pre-evaluation,no_match,0,미탐지,,,,,PASS,,bdb1acbbc877fc8fbb108b17b953bb332cdc7697227e06044ff812c5993d6002,evaluation-v0.3.1-post-freeze
PB034,synthetic_generalization,health,연구 보고서는 관절 통증 완화 가능성만 제한적으로 설명합니다.,safe,high,근거와 한계를 밝힌 연구 설명이다.,substantiated_fact,2026-07-18T13:00:00+09:00,authoring-v0.3.1-pre-evaluation,no_match,0,미탐지,,,,,PASS,,bdb1acbbc877fc8fbb108b17b953bb332cdc7697227e06044ff812c5993d6002,evaluation-v0.3.1-post-freeze
PB035,synthetic_generalization,legal,승소를 100% 보장한다는 광고는 허용되지 않습니다.,safe,high,결과 보장 광고를 금지한다.,prohibition,2026-07-18T13:00:00+09:00,authoring-v0.3.1-pre-evaluation,no_match,0,미탐지,,,,,PASS,,bdb1acbbc877fc8fbb108b17b953bb332cdc7697227e06044ff812c5993d6002,evaluation-v0.3.1-post-freeze
PB036,synthetic_generalization,legal,사실관계에 따라 합의금을 받을 수 있습니다.,safe,high,가능성만 설명하고 결과를 보장하지 않는다.,possibility,2026-07-18T13:00:00+09:00,authoring-v0.3.1-pre-evaluation,no_match,0,미탐지,,,,,PASS,,bdb1acbbc877fc8fbb108b17b953bb332cdc7697227e06044ff812c5993d6002,evaluation-v0.3.1-post-freeze
PB037,synthetic_generalization,legal,지난해 처리 사건 40건 중 28건이 조정으로 끝났다는 통계입니다.,safe,high,출처가 있는 과거 실적 설명이다.,past_statistic,2026-07-18T13:00:00+09:00,authoring-v0.3.1-pre-evaluation,no_match,0,미탐지,,,,,PASS,,bdb1acbbc877fc8fbb108b17b953bb332cdc7697227e06044ff812c5993d6002,evaluation-v0.3.1-post-freeze
PB038,synthetic_generalization,legal,무죄가 반드시 나온다는 문구는 소비자를 오도할 수 있습니다.,safe,high,결과 단정을 비판한다.,criticism,2026-07-18T13:00:00+09:00,authoring-v0.3.1-pre-evaluation,no_match,0,미탐지,,,,,PASS,,bdb1acbbc877fc8fbb108b17b953bb332cdc7697227e06044ff812c5993d6002,evaluation-v0.3.1-post-freeze
PB039,synthetic_generalization,general,공식 인증번호와 발급기관을 함께 표시했습니다.,safe,high,검증 가능한 인증 사실이다.,substantiated_fact,2026-07-18T13:00:00+09:00,authoring-v0.3.1-pre-evaluation,no_match,0,미탐지,,,,,PASS,,bdb1acbbc877fc8fbb108b17b953bb332cdc7697227e06044ff812c5993d6002,evaluation-v0.3.1-post-freeze
PB040,synthetic_generalization,general,접수 마감일은 9월 3일이며 남은 좌석은 매일 공개합니다.,safe,high,근거가 명확한 일정·재고 안내다.,schedule,2026-07-18T13:00:00+09:00,authoring-v0.3.1-pre-evaluation,no_match,0,미탐지,,,,,PASS,,bdb1acbbc877fc8fbb108b17b953bb332cdc7697227e06044ff812c5993d6002,evaluation-v0.3.1-post-freeze
PB041,synthetic_generalization,general,마지막 기회라는 근거 없는 광고를 사용하면 안 됩니다.,safe,high,긴급성 광고를 금지한다.,prohibition,2026-07-18T13:00:00+09:00,authoring-v0.3.1-pre-evaluation,no_match,0,미탐지,,,,,PASS,,bdb1acbbc877fc8fbb108b17b953bb332cdc7697227e06044ff812c5993d6002,evaluation-v0.3.1-post-freeze
PB042,synthetic_generalization,general,지난 분기 입점 완료 사실은 계약서 번호로 확인할 수 있습니다.,safe,high,완료 사실과 근거를 제시한다.,substantiated_fact,2026-07-18T13:00:00+09:00,authoring-v0.3.1-pre-evaluation,no_match,0,미탐지,,,,,PASS,,bdb1acbbc877fc8fbb108b17b953bb332cdc7697227e06044ff812c5993d6002,evaluation-v0.3.1-post-freeze
PB043,synthetic_generalization,finance,투자 원금은 보장되지 않으며 손실 가능성이 있습니다.,safe,high,투자 위험을 명시한다.,risk_disclosure,2026-07-18T13:00:00+09:00,authoring-v0.3.1-pre-evaluation,no_match,0,미탐지,,,,,PASS,,bdb1acbbc877fc8fbb108b17b953bb332cdc7697227e06044ff812c5993d6002,evaluation-v0.3.1-post-freeze
PB044,synthetic_generalization,finance,과거 수익률은 미래 수익을 보장하지 않습니다.,safe,high,과거 실적의 한계를 명시한다.,past_statistic,2026-07-18T13:00:00+09:00,authoring-v0.3.1-pre-evaluation,no_match,0,미탐지,,,,,PASS,,bdb1acbbc877fc8fbb108b17b953bb332cdc7697227e06044ff812c5993d6002,evaluation-v0.3.1-post-freeze
PB045,synthetic_generalization,finance,배송 중 손실된 상품은 결제 금액을 환불합니다.,safe,high,투자가 아닌 정상 소비자 환불이다.,other_meaning,2026-07-18T13:00:00+09:00,authoring-v0.3.1-pre-evaluation,no_match,0,미탐지,,,,,PASS,,bdb1acbbc877fc8fbb108b17b953bb332cdc7697227e06044ff812c5993d6002,evaluation-v0.3.1-post-freeze
PB046,synthetic_generalization,income,정규직 기본급은 세전 월 310만원입니다.,safe,high,근로계약상 확정 급여 안내다.,normal_salary,2026-07-18T13:00:00+09:00,authoring-v0.3.1-pre-evaluation,no_match,0,미탐지,,,,,PASS,,bdb1acbbc877fc8fbb108b17b953bb332cdc7697227e06044ff812c5993d6002,evaluation-v0.3.1-post-freeze
PB047,synthetic_generalization,income,연봉 4천만원이며 성과급은 실적에 따라 달라집니다.,safe,high,고정 급여와 변동 성과급을 구분한다.,normal_salary,2026-07-18T13:00:00+09:00,authoring-v0.3.1-pre-evaluation,no_match,0,미탐지,,,,,PASS,,bdb1acbbc877fc8fbb108b17b953bb332cdc7697227e06044ff812c5993d6002,evaluation-v0.3.1-post-freeze
PB048,synthetic_generalization,income,누구나 고수입을 보장한다는 부업 광고를 비판합니다.,safe,high,소득 보장 광고를 비판한다.,criticism,2026-07-18T13:00:00+09:00,authoring-v0.3.1-pre-evaluation,no_match,0,미탐지,,,,,PASS,,bdb1acbbc877fc8fbb108b17b953bb332cdc7697227e06044ff812c5993d6002,evaluation-v0.3.1-post-freeze
PB049,synthetic_generalization,education,지난해 합격자 80명이라는 통계의 출처를 공개합니다.,safe,high,출처가 있는 과거 통계다.,past_statistic,2026-07-18T13:00:00+09:00,authoring-v0.3.1-pre-evaluation,no_match,0,미탐지,,,,,PASS,,bdb1acbbc877fc8fbb108b17b953bb332cdc7697227e06044ff812c5993d6002,evaluation-v0.3.1-post-freeze
PB050,synthetic_generalization,education,전원 합격 보장 표현은 광고에 사용하지 않습니다.,safe,high,미래 결과 보장을 금지한다.,prohibition,2026-07-18T13:00:00+09:00,authoring-v0.3.1-pre-evaluation,no_match,0,미탐지,,,,,PASS,,bdb1acbbc877fc8fbb108b17b953bb332cdc7697227e06044ff812c5993d6002,evaluation-v0.3.1-post-freeze
PB051,synthetic_generalization,education,진학 목표에 맞춘 상담 일정을 안내합니다.,safe,high,목표와 일정 안내일 뿐 결과 약속이 아니다.,schedule,2026-07-18T13:00:00+09:00,authoring-v0.3.1-pre-evaluation,no_match,0,미탐지,,,,,PASS,,bdb1acbbc877fc8fbb108b17b953bb332cdc7697227e06044ff812c5993d6002,evaluation-v0.3.1-post-freeze
PB052,synthetic_generalization,education,최고 강사라는 광고의 비교 기준이 부족하다고 비판했습니다.,safe,high,최상급 광고를 비판한다.,criticism,2026-07-18T13:00:00+09:00,authoring-v0.3.1-pre-evaluation,no_match,0,미탐지,,,,,PASS,,bdb1acbbc877fc8fbb108b17b953bb332cdc7697227e06044ff812c5993d6002,evaluation-v0.3.1-post-freeze
PB053,synthetic_generalization,privacy,가족 모두의 동의를 받아 위치 공유를 켭니다.,safe,high,동의 기반 위치 기능이다.,consented_data,2026-07-18T13:00:00+09:00,authoring-v0.3.1-pre-evaluation,no_match,0,미탐지,,,,,PASS,,bdb1acbbc877fc8fbb108b17b953bb332cdc7697227e06044ff812c5993d6002,evaluation-v0.3.1-post-freeze
PB054,synthetic_generalization,privacy,몰래 통화를 감청하는 행위는 불법이며 금지됩니다.,safe,high,감청 행위를 금지한다.,prohibition,2026-07-18T13:00:00+09:00,authoring-v0.3.1-pre-evaluation,no_match,0,미탐지,,,,,PASS,,bdb1acbbc877fc8fbb108b17b953bb332cdc7697227e06044ff812c5993d6002,evaluation-v0.3.1-post-freeze
PB055,synthetic_generalization,privacy,보안 담당자와 합의한 뒤 관리용 앱을 설치합니다.,safe,high,관리 권한과 동의가 있는 설치다.,consented_data,2026-07-18T13:00:00+09:00,authoring-v0.3.1-pre-evaluation,no_match,0,미탐지,,,,,PASS,,bdb1acbbc877fc8fbb108b17b953bb332cdc7697227e06044ff812c5993d6002,evaluation-v0.3.1-post-freeze
PB056,synthetic_generalization,privacy,사용자가 직접 자기 사진 파일을 백업합니다.,safe,high,본인 데이터의 정상 백업이다.,consented_data,2026-07-18T13:00:00+09:00,authoring-v0.3.1-pre-evaluation,no_match,0,미탐지,,,,,PASS,,bdb1acbbc877fc8fbb108b17b953bb332cdc7697227e06044ff812c5993d6002,evaluation-v0.3.1-post-freeze
PB057,synthetic_generalization,privacy,접근성 설정에서 앱 아이콘 표시 여부를 사용자가 선택합니다.,safe,high,사용자 설정에 따른 아이콘 표시다.,icon_hiding,2026-07-18T13:00:00+09:00,authoring-v0.3.1-pre-evaluation,no_match,0,미탐지,,,,,PASS,,bdb1acbbc877fc8fbb108b17b953bb332cdc7697227e06044ff812c5993d6002,evaluation-v0.3.1-post-freeze
PB058,synthetic_generalization,general,살구색 표본을 제품 사진과 비교했습니다.,safe,high,‘살’이 체중과 무관한 다른 의미다.,other_meaning,2026-07-18T13:00:00+09:00,authoring-v0.3.1-pre-evaluation,no_match,0,미탐지,,,,,PASS,,bdb1acbbc877fc8fbb108b17b953bb332cdc7697227e06044ff812c5993d6002,evaluation-v0.3.1-post-freeze
PB059,synthetic_generalization,general,무죄라는 제목의 영화 상영 일정이 확정됐습니다.,safe,high,법률 결과가 아닌 작품 제목과 일정이다.,other_meaning,2026-07-18T13:00:00+09:00,authoring-v0.3.1-pre-evaluation,no_match,0,미탐지,,,,,PASS,,bdb1acbbc877fc8fbb108b17b953bb332cdc7697227e06044ff812c5993d6002,evaluation-v0.3.1-post-freeze
PB060,synthetic_generalization,general,수익률 계산 교육은 금요일에 진행합니다.,safe,high,투자 보장이 아닌 교육 일정이다.,schedule,2026-07-18T13:00:00+09:00,authoring-v0.3.1-pre-evaluation,no_match,0,미탐지,,,,,PASS,,bdb1acbbc877fc8fbb108b17b953bb332cdc7697227e06044ff812c5993d6002,evaluation-v0.3.1-post-freeze
PB061,synthetic_generalization,health,이 원료는 소화 개선에 도움을 줄 수 있습니다.,ambiguous,medium,단순 효능 가능성으로 근거와 적용 범위 검토가 필요하다.,simple_efficacy,2026-07-18T13:00:00+09:00,authoring-v0.3.1-pre-evaluation,no_match,0,미탐지,,,,,PASS,,bdb1acbbc877fc8fbb108b17b953bb332cdc7697227e06044ff812c5993d6002,evaluation-v0.3.1-post-freeze
PB062,synthetic_generalization,health,피로 완화 효능을 소개합니다.,ambiguous,medium,확정성 없는 단순 효능 표현이다.,simple_efficacy,2026-07-18T13:00:00+09:00,authoring-v0.3.1-pre-evaluation,no_match,0,미탐지,,,,,PASS,,bdb1acbbc877fc8fbb108b17b953bb332cdc7697227e06044ff812c5993d6002,evaluation-v0.3.1-post-freeze
PB063,synthetic_generalization,health,다음 달 목표 체중은 58kg입니다.,ambiguous,medium,미래 목표 수치이며 결과 보장이 아니다.,simple_amount,2026-07-18T13:00:00+09:00,authoring-v0.3.1-pre-evaluation,no_match,0,미탐지,,,,,PASS,,bdb1acbbc877fc8fbb108b17b953bb332cdc7697227e06044ff812c5993d6002,evaluation-v0.3.1-post-freeze
PB064,synthetic_generalization,health,어제 몸무게 기록은 71kg이었습니다.,ambiguous,medium,과거 체중 기록이다.,simple_amount,2026-07-18T13:00:00+09:00,authoring-v0.3.1-pre-evaluation,no_match,0,미탐지,,,,,PASS,,bdb1acbbc877fc8fbb108b17b953bb332cdc7697227e06044ff812c5993d6002,evaluation-v0.3.1-post-freeze
PB065,synthetic_generalization,legal,조건이 맞으면 합의금을 받을 수 있습니다.,ambiguous,medium,법률 결과의 가능성 설명이다.,possibility,2026-07-18T13:00:00+09:00,authoring-v0.3.1-pre-evaluation,no_match,0,미탐지,,,,,PASS,,bdb1acbbc877fc8fbb108b17b953bb332cdc7697227e06044ff812c5993d6002,evaluation-v0.3.1-post-freeze
PB066,synthetic_generalization,legal,절차가 끝나면 감형이 될 수 있습니다.,ambiguous,medium,법률 결과의 가능성 설명이다.,possibility,2026-07-18T13:00:00+09:00,authoring-v0.3.1-pre-evaluation,no_match,0,미탐지,,,,,PASS,,bdb1acbbc877fc8fbb108b17b953bb332cdc7697227e06044ff812c5993d6002,evaluation-v0.3.1-post-freeze
PB067,synthetic_generalization,legal,사건 처리 경험 120건을 소개합니다.,ambiguous,medium,경력 사실의 입증 확인이 필요하다.,substantiation,2026-07-18T13:00:00+09:00,authoring-v0.3.1-pre-evaluation,no_match,0,미탐지,,,,,PASS,,bdb1acbbc877fc8fbb108b17b953bb332cdc7697227e06044ff812c5993d6002,evaluation-v0.3.1-post-freeze
PB068,synthetic_generalization,legal,지역 1위 법률사무소라고 안내합니다.,ambiguous,medium,최상급 비교 근거 확인이 필요하다.,substantiation,2026-07-18T13:00:00+09:00,authoring-v0.3.1-pre-evaluation,no_match,0,미탐지,,,,,PASS,,bdb1acbbc877fc8fbb108b17b953bb332cdc7697227e06044ff812c5993d6002,evaluation-v0.3.1-post-freeze
PB069,synthetic_generalization,general,상가 입점이 확정됐다고 안내합니다.,ambiguous,medium,계약 근거 확인이 필요한 상업 주장이다.,substantiation,2026-07-18T13:00:00+09:00,authoring-v0.3.1-pre-evaluation,review,58,유의,risk_v03_general_substantiation,risk_v03_general_substantiation,사실 설명 형식이므로 객관적 근거와 적용 범위를 확인해야 합니다. 상업적 사실 주장과 완료·확정·비교·등급 신호가 결합합니다.,"기준일, 비교 범위와 확인 가능한 근거를 함께 제시하고 적용 조건을 명확히 안내합니다.",PASS,,bdb1acbbc877fc8fbb108b17b953bb332cdc7697227e06044ff812c5993d6002,evaluation-v0.3.1-post-freeze
PB070,synthetic_generalization,general,전국 최고 분양률을 기록했다고 합니다.,ambiguous,medium,비교 기준과 실적 근거 확인이 필요하다.,substantiation,2026-07-18T13:00:00+09:00,authoring-v0.3.1-pre-evaluation,review,64,유의,risk_v03_legal_substantiation,risk_v03_legal_substantiation|risk_v03_general_substantiation,사실 설명 형식이므로 객관적 근거와 적용 범위를 확인해야 합니다. 법률 분야의 최상급·성과·권위 표현과 비교 또는 경력 신호가 결합합니다.,"비교 기준, 산정 기간과 객관적 근거를 함께 제시하고 사건 결과를 보장하지 않음을 안내합니다.",PASS,,bdb1acbbc877fc8fbb108b17b953bb332cdc7697227e06044ff812c5993d6002,evaluation-v0.3.1-post-freeze
PB071,synthetic_generalization,general,이번 주까지만 신청할 수 있습니다.,ambiguous,medium,실제 마감 근거 확인이 필요한 일정 주장이다.,schedule_claim,2026-07-18T13:00:00+09:00,authoring-v0.3.1-pre-evaluation,no_match,0,미탐지,,,,,PASS,,bdb1acbbc877fc8fbb108b17b953bb332cdc7697227e06044ff812c5993d6002,evaluation-v0.3.1-post-freeze
PB072,synthetic_generalization,general,재고가 얼마 남지 않았으니 서둘러 구매하세요.,ambiguous,medium,재고 근거 확인이 필요한 긴급성 주장이다.,urgency_claim,2026-07-18T13:00:00+09:00,authoring-v0.3.1-pre-evaluation,no_match,0,미탐지,,,,,PASS,,bdb1acbbc877fc8fbb108b17b953bb332cdc7697227e06044ff812c5993d6002,evaluation-v0.3.1-post-freeze
PB073,synthetic_generalization,income,재택 부업의 월 예상 수입은 160만원입니다.,ambiguous,medium,예상 성과형 수입의 산정 근거 확인이 필요하다.,simple_amount,2026-07-18T13:00:00+09:00,authoring-v0.3.1-pre-evaluation,review,60,유의,risk_v03_income_guarantee,risk_v03_income_guarantee,사실 설명 형식이므로 객관적 근거와 적용 범위를 확인해야 합니다. 성과형 소득 대상과 예상·평균·실적·금액 표현이 결합합니다.,"소득 산정 조건, 실제 실적의 변동 범위와 지급 기준을 구체적으로 안내합니다.",PASS,,bdb1acbbc877fc8fbb108b17b953bb332cdc7697227e06044ff812c5993d6002,evaluation-v0.3.1-post-freeze
PB074,synthetic_generalization,income,지난 참여자의 평균 부업 소득은 월 90만원이었습니다.,ambiguous,medium,과거 평균 수치의 모집단·산식 확인이 필요하다.,past_statistic,2026-07-18T13:00:00+09:00,authoring-v0.3.1-pre-evaluation,review,60,유의,risk_v03_income_guarantee,risk_v03_income_guarantee,사실 설명 형식이므로 객관적 근거와 적용 범위를 확인해야 합니다. 성과형 소득 대상과 예상·평균·실적·금액 표현이 결합합니다.,"소득 산정 조건, 실제 실적의 변동 범위와 지급 기준을 구체적으로 안내합니다.",PASS,,bdb1acbbc877fc8fbb108b17b953bb332cdc7697227e06044ff812c5993d6002,evaluation-v0.3.1-post-freeze
PB075,synthetic_generalization,income,성과에 따라 월 수입이 최대 240만원입니다.,ambiguous,medium,변동형 수입의 조건과 분포 확인이 필요하다.,simple_amount,2026-07-18T13:00:00+09:00,authoring-v0.3.1-pre-evaluation,review,60,유의,risk_v03_income_guarantee,risk_v03_income_guarantee,"조건 안내에 포함된 주장으로, 적용 근거를 함께 확인해야 합니다. 성과형 소득 대상과 예상·평균·실적·금액 표현이 결합합니다.","소득 산정 조건, 실제 실적의 변동 범위와 지급 기준을 구체적으로 안내합니다.",PASS,,bdb1acbbc877fc8fbb108b17b953bb332cdc7697227e06044ff812c5993d6002,evaluation-v0.3.1-post-freeze
PB076,synthetic_generalization,education,지난 기수 합격률은 78%였습니다.,ambiguous,medium,과거 통계의 산식과 출처 확인이 필요하다.,past_statistic,2026-07-18T13:00:00+09:00,authoring-v0.3.1-pre-evaluation,review,58,유의,risk_v03_education_substantiation,risk_v03_education_substantiation,사실 설명 형식이므로 객관적 근거와 적용 범위를 확인해야 합니다. 교육 최상급·성과 표현과 서비스 대상 또는 수치가 결합합니다.,"비교 기준, 조사 기간과 확인 가능한 출처를 함께 제시합니다.",PASS,,bdb1acbbc877fc8fbb108b17b953bb332cdc7697227e06044ff812c5993d6002,evaluation-v0.3.1-post-freeze
PB077,synthetic_generalization,education,수강생 50명 중 32명이 취업했습니다.,ambiguous,medium,과거 결과 통계일 수 있어 시점과 출처 확인이 필요하다.,past_statistic,2026-07-18T13:00:00+09:00,authoring-v0.3.1-pre-evaluation,no_match,0,미탐지,,,,,PASS,,bdb1acbbc877fc8fbb108b17b953bb332cdc7697227e06044ff812c5993d6002,evaluation-v0.3.1-post-freeze
PB078,synthetic_generalization,privacy,앱 아이콘을 폴더 안에서 숨깁니다.,ambiguous,medium,아이콘 숨김만으로 감시 목적을 단정할 수 없다.,icon_hiding,2026-07-18T13:00:00+09:00,authoring-v0.3.1-pre-evaluation,no_match,0,미탐지,,,,,PASS,,bdb1acbbc877fc8fbb108b17b953bb332cdc7697227e06044ff812c5993d6002,evaluation-v0.3.1-post-freeze
PB079,synthetic_generalization,privacy,권한 안내 후 메시지 데이터를 내려받습니다.,ambiguous,medium,데이터 접근 권한과 주체 확인이 필요하다.,data_access,2026-07-18T13:00:00+09:00,authoring-v0.3.1-pre-evaluation,no_match,0,미탐지,,,,,PASS,,bdb1acbbc877fc8fbb108b17b953bb332cdc7697227e06044ff812c5993d6002,evaluation-v0.3.1-post-freeze
PB080,synthetic_generalization,privacy,사진 기록을 서버에 저장해 확인할 수 있습니다.,ambiguous,medium,저장 주체·동의·보관 기간 확인이 필요하다.,data_access,2026-07-18T13:00:00+09:00,authoring-v0.3.1-pre-evaluation,review,55,유의,risk_v03_privacy_data_access_review,risk_v03_privacy_data_access_review,사실 설명 형식이므로 객관적 근거와 적용 범위를 확인해야 합니다. 정보 자산과 열람·저장·반출 행위가 결합해 처리 근거 확인이 필요합니다.,"열람 가능한 데이터, 사용자 권한, 보관 기간과 외부 전송 여부를 명확히 안내합니다.",PASS,,bdb1acbbc877fc8fbb108b17b953bb332cdc7697227e06044ff812c5993d6002,evaluation-v0.3.1-post-freeze
